,burnout,impact,apogeeAlt,apogeeTime
0,50.06,245.2291559905,64347.25650968592,146.62
1,47.775,224.6891334484,55268.12866995592,135.86
2,44.515,199.9579202452,44348.34575166246,121.58
3,57.37,240.7240488013,59586.16208339434,147.405
4,54.685,218.9046272327,50548.07367843215,135.905
5,50.855,193.7072677584,40181.96133276838,121.165
6,54.16,241.61539630750002,61161.32939062361,146.51
7,51.635,220.2263624622,52097.48810954017,135.27
8,48.065,196.1087673009,41857.39926234549,121.165
